<?xml version="1.0"?>
<?xml-stylesheet type="text/xsl" href="http://cdk.svn.sourceforge.net/viewvc/*checkout*/cdk/trunk/cdk/src/org/openscience/cdk/config/data/html.xsl?content-type=text%2Fxml"?>
<atomTypeList xmlns="http://www.xml-cml.org/schema"
  xmlns:xsi="http://www.w3.org/2001/XMLSchema-instance" 
  xsi:schemaLocation="http://www.xml-cml.org/schema ../../io/cml/data/cml25b1.xsd"

  xmlns:cvs="https://www.cvshome.org/"
  xmlns:cdk="http://cdk.sf.net/dict/cdk/"

  id="mol2" title="MOL2 AtomTypes">

  <metadataList>
    <metadata name="cvs:last-change-by" content="$Author$"/>
    <metadata name="cvs:date" content="$Date$"/>
    <metadata name="cvs:revision" content="$Revision$"/>
  </metadataList>
  
  <atomType id="C.3" title="1">
    <atom elementType="C"/>
    <scalar dataType="xsd:string" dictRef="cdk:hybridization">sp3</scalar>
  </atomType>
  <atomType id="C.2" title="2">
    <atom elementType="C"/>
    <scalar dataType="xsd:string" dictRef="cdk:hybridization">sp2</scalar>
  </atomType>
  <atomType id="C.ar" title="3">
    <atom elementType="C"/>
  </atomType>
  <atomType id="C.1" title="4">
    <atom elementType="C"/>
    <scalar dataType="xsd:string" dictRef="cdk:hybridization">sp1</scalar>
  </atomType>
  <atomType id="N.3" title="5">
    <atom elementType="N"/>
    <scalar dataType="xsd:string" dictRef="cdk:hybridization">sp3</scalar>
  </atomType>
  <atomType id="N.2" title="6">
    <atom elementType="N"/>
    <scalar dataType="xsd:string" dictRef="cdk:hybridization">sp2</scalar>
  </atomType>
  <atomType id="N.1" title="7">
    <atom elementType="N"/>
    <scalar dataType="xsd:string" dictRef="cdk:hybridization">sp1</scalar>
  </atomType>
  <atomType id="O.3" title="8">
    <atom elementType="O"/>
    <scalar dataType="xsd:string" dictRef="cdk:hybridization">sp3</scalar>
  </atomType>
  <atomType id="O.2" title="9">
    <atom elementType="O"/>
    <scalar dataType="xsd:string" dictRef="cdk:hybridization">sp2</scalar>
  </atomType>
  <atomType id="P.3" title="12">
    <atom elementType="P"/>
    <scalar dataType="xsd:string" dictRef="cdk:hybridization">sp3</scalar>
  </atomType>
  <atomType id="H" title="13">
    <atom elementType="H"/>
  </atomType>
  <atomType id="N.pl3" title="19">
    <atom elementType="N"/>
  </atomType>
  <atomType id="N.4" title="31">
    <atom elementType="N" formalCharge="1"/>
    <scalar dataType="xsd:string" dictRef="cdk:hybridization">sp3</scalar>
  </atomType>
  <atomType id="N.ar">
    <atom elementType="N"/>
  </atomType>
  <atomType id="N.am">
    <atom elementType="N"/>
  </atomType>
  <atomType id="C.cat" title="33">
    <!-- "only used in a guadinium group" -->
    <atom elementType="C" formalCharge="1"/>
  </atomType>
  <atomType id="H">
    <atom elementType="H"/>
  </atomType>
  <atomType id="H.spc">
    <atom elementType="H"/>
  </atomType>
  <atomType id="H.t3p">
    <atom elementType="H"/>
  </atomType>
  <atomType id="C.cat">
    <atom elementType="C" formalCharge="+1"/>
  </atomType>
  <atomType id="Du.C">
    <atom elementType="C"/>
  </atomType>
  <atomType id="Li">
    <atom elementType="Li"/>
  </atomType>
  <atomType id="Na">
    <atom elementType="Na"/>
  </atomType>
  <atomType id="Mg">
    <atom elementType="Mg"/>
  </atomType>
  <atomType id="Al">
    <atom elementType="Al"/>
  </atomType>
  <atomType id="O.co2">
    <atom elementType="O"/>
  </atomType>
  <atomType id="Si">
    <atom elementType="Si"/>
  </atomType>
  <atomType id="O.spc">
    <atom elementType="O"/>
  </atomType>
  <atomType id="K">
    <atom elementType="K"/>
  </atomType>
  <atomType id="O.t3p">
    <atom elementType="O"/>
  </atomType>
  <atomType id="Ca">
    <atom elementType="Ca"/>
  </atomType>
  <atomType id="S.3">
    <atom elementType="S"/>
    <scalar dataType="xsd:string" dictRef="cdk:hybridization">sp3</scalar>
  </atomType>
  <atomType id="S.2">
    <atom elementType="S"/>
    <scalar dataType="xsd:string" dictRef="cdk:hybridization">sp2</scalar>
  </atomType>
  <!-- S.1 not listed by Tripos but seen in MMFF 94 validate suite -->
  <atomType id="S.1">
    <atom elementType="S"/>
  </atomType>
  <atomType id="S.O">
    <atom elementType="S"/>
  </atomType>
  <atomType id="S.O2">
    <atom elementType="S"/>
  </atomType>
  <atomType id="Cr.th">
    <atom elementType="Cr"/>
    <scalar dataType="xsd:string" dictRef="cdk:hybridization">tetrahedral</scalar>
  </atomType>
  <atomType id="Cr.oh">
    <atom elementType="Cr"/>
    <scalar dataType="xsd:string" dictRef="cdk:hybridization">octahedral</scalar>
  </atomType>
  <atomType id="Mn">
    <atom elementType="Mn"/>
  </atomType>
  <atomType id="Fe">
    <atom elementType="Fe"/>
  </atomType>
  <atomType id="Co.oh">
    <atom elementType="Co"/>
    <scalar dataType="xsd:string" dictRef="cdk:hybridization">octahedral</scalar>
  </atomType>
  <atomType id="F">
    <atom elementType="F"/>
  </atomType>
  <atomType id="Cu">
    <atom elementType="Cu"/>
  </atomType>
  <atomType id="Cl">
    <atom elementType="Cl"/>
  </atomType>
  <atomType id="Br">
    <atom elementType="Br"/>
  </atomType>
  <atomType id="Zn">
    <atom elementType="Zn"/>
  </atomType>
  <atomType id="Se">
    <atom elementType="Se"/>
  </atomType>
  <atomType id="I">
    <atom elementType="I"/>
  </atomType>
  <atomType id="Mo">
    <atom elementType="Mo"/>
  </atomType>
  <atomType id="Sn">
    <atom elementType="Sn"/>
  </atomType>

  <!-- Pseudo atom types -->
  <atomType id="LP" />
  <atomType id="Du" />
  <atomType id="Any" />
  <atomType id="Hal" />
  <atomType id="Het" />
  <atomType id="Hev" />
  <atomType id="X" />
</atomTypeList>

